二人,,,-1000,名詞,一般,*,*,*,*,二人,フタリ,フタリ
一人,,,-1000,名詞,一般,*,*,*,*,一人,ヒトリ,ヒトリ
大人,,,-1000,名詞,一般,*,*,*,*,大人,オトナ,オトナ
玄人,,,-1000,名詞,一般,*,*,*,*,玄人,クロウト,クロート
素人,,,-1000,名詞,一般,*,*,*,*,素人,シロウト,シロート
仲人,,,-1000,名詞,一般,*,*,*,*,仲人,ナコウド,ナコード
一人前,,,-1000,名詞,一般,*,*,*,*,一人前,イチニンマエ,イチニンマエ
今日,,,-1000,名詞,副詞可能,*,*,*,*,今日,キョウ,キョー
昨日,,,-1000,名詞,副詞可能,*,*,*,*,昨日,キノウ,キノー
明日,,,-1000,名詞,副詞可能,*,*,*,*,明日,アシタ,アシタ
明後日,,,-1000,名詞,副詞可能,*,*,*,*,明後日,アサッテ,アサッテ
一昨日,,,-1000,名詞,副詞可能,*,*,*,*,一昨日,オトトイ,オトトイ
一昨昨日,,,-1000,名詞,副詞可能,*,*,*,*,一昨昨日,サキオトトイ,サキオトトイ
一日,,,-1000,名詞,副詞可能,*,*,*,*,一日,ツイタチ,ツイタチ
二日,,,-1000,名詞,副詞可能,*,*,*,*,二日,フツカ,フツカ
三日,,,-1000,名詞,副詞可能,*,*,*,*,三日,ミッカ,ミッカ
四日,,,-1000,名詞,副詞可能,*,*,*,*,四日,ヨッカ,ヨッカ
五日,,,-1000,名詞,副詞可能,*,*,*,*,五日,イツカ,イツカ
六日,,,-1000,名詞,副詞可能,*,*,*,*,六日,ムイカ,ムイカ
七日,,,-1000,名詞,副詞可能,*,*,*,*,七日,ナノカ,ナノカ
八日,,,-1000,名詞,副詞可能,*,*,*,*,八日,ヨウカ,ヨーカ
九日,,,-1000,名詞,副詞可能,*,*,*,*,九日,ココノカ,ココノカ
十日,,,-1000,名詞,副詞可能,*,*,*,*,十日,トオカ,トーカ
二十日,,,-1000,名詞,副詞可能,*,*,*,*,二十日,ハツカ,ハツカ
大晦日,,,-1000,名詞,副詞可能,*,*,*,*,大晦日,オオミソカ,オーミソカ
晦日,,,-1000,名詞,副詞可能,*,*,*,*,晦日,ミソカ,ミソカ
上手,,,-1000,名詞,形容動詞語幹,*,*,*,*,上手,ジョウズ,ジョーズ
下手,,,-1000,名詞,形容動詞語幹,*,*,*,*,下手,ヘタ,ヘタ
真面目,,,-1000,名詞,形容動詞語幹,*,*,*,*,真面目,マジメ,マジメ
立派,,,-1000,名詞,形容動詞語幹,*,*,*,*,立派,リッパ,リッパ
七夕,,,-1000,名詞,固有名詞,一般,*,*,*,七夕,タナバタ,タナバタ
五月雨,,,-1000,名詞,一般,*,*,*,*,五月雨,サミダレ,サミダレ
五月晴れ,,,-1000,名詞,一般,*,*,*,*,五月晴れ,サツキバレ,サツキバレ
時雨,,,-1000,名詞,一般,*,*,*,*,時雨,シグレ,シグレ
梅雨,,,-1000,名詞,一般,*,*,*,*,梅雨,ツユ,ツユ
紅葉,,,-1000,名詞,一般,*,*,*,*,紅葉,モミジ,モミジ
黄昏,,,-1000,名詞,一般,*,*,*,*,黄昏,タソガレ,タソガレ
雪崩,,,-1000,名詞,一般,*,*,*,*,雪崩,ナダレ,ナダレ
田舎,,,-1000,名詞,一般,*,*,*,*,田舎,イナカ,イナカ
八百屋,,,-1000,名詞,一般,*,*,*,*,八百屋,ヤオヤ,ヤオヤ
八百長,,,-1000,名詞,一般,*,*,*,*,八百長,ヤオチョウ,ヤオチョー
海老,,,-1000,名詞,一般,*,*,*,*,海老,エビ,エビ
海苔,,,-1000,名詞,一般,*,*,*,*,海苔,ノリ,ノリ
出汁,,,-1000,名詞,一般,*,*,*,*,出汁,ダシ,ダシ
小豆,,,-1000,名詞,一般,*,*,*,*,小豆,アズキ,アズキ
為替,,,-1000,名詞,一般,*,*,*,*,為替,カワセ,カワセ
名残,,,-1000,名詞,一般,*,*,*,*,名残,ナゴリ,ナゴリ
行方,,,-1000,名詞,一般,*,*,*,*,行方,ユクエ,ユクエ
流石,,,-1000,副詞,助詞類接続,*,*,*,*,流石,サスガ,サスガ
大和,,,-1000,名詞,固有名詞,地域,一般,*,*,大和,ヤマト,ヤマト
富士山,,,-1000,名詞,固有名詞,地域,一般,*,*,富士山,フジサン,フジサン
木綿,,,-1000,名詞,一般,*,*,*,*,木綿,モメン,モメン
木陰,,,-1000,名詞,一般,*,*,*,*,木陰,コカゲ,コカゲ
神楽,,,-1000,名詞,一般,*,*,*,*,神楽,カグラ,カグラ
河岸,,,-1000,名詞,一般,*,*,*,*,河岸,カシ,カシ
早乙女,,,-1000,名詞,一般,*,*,*,*,早乙女,サオトメ,サオトメ
お父さん,,,-1000,名詞,一般,*,*,*,*,お父さん,オトウサン,オトーサン
お母さん,,,-1000,名詞,一般,*,*,*,*,お母さん,オカアサン,オカーサン
お兄さん,,,-1000,名詞,一般,*,*,*,*,お兄さん,オニイサン,オニーサン
お姉さん,,,-1000,名詞,一般,*,*,*,*,お姉さん,オネエサン,オネーサン
父さん,,,-1000,名詞,一般,*,*,*,*,父さん,トウサン,トーサン
母さん,,,-1000,名詞,一般,*,*,*,*,母さん,カアサン,カーサン
兄さん,,,-1000,名詞,一般,*,*,*,*,兄さん,ニイサン,ニーサン
姉さん,,,-1000,名詞,一般,*,*,*,*,姉さん,ネエサン,ネーサン
何処,,,-1000,名詞,代名詞,一般,*,*,*,何処,ドコ,ドコ
何時,,,-1000,名詞,代名詞,一般,*,*,*,何時,イツ,イツ
何方,,,-1000,名詞,代名詞,一般,*,*,*,何方,ドナタ,ドナタ
何故,,,-1000,副詞,助詞類接続,*,*,*,*,何故,ナゼ,ナゼ
何卒,,,-1000,副詞,助詞類接続,*,*,*,*,何卒,ナニトゾ,ナニトゾ
些細,,,-1000,名詞,形容動詞語幹,*,*,*,*,些細,ササイ,ササイ
折角,,,-1000,副詞,一般,*,*,*,*,折角,セッカク,セッカク
暫く,,,-1000,副詞,助詞類接続,*,*,*,*,暫く,シバラク,シバラク
漸く,,,-1000,副詞,一般,*,*,*,*,漸く,ヨウヤク,ヨーヤク
偶々,,,-1000,副詞,一般,*,*,*,*,偶々,タマタマ,タマタマ
偶に,,,-1000,副詞,助詞類接続,*,*,*,*,偶に,タマニ,タマニ
兎に角,,,-1000,副詞,一般,*,*,*,*,兎に角,トニカク,トニカク
凡そ,,,-1000,副詞,一般,*,*,*,*,凡そ,オヨソ,オヨソ
予め,,,-1000,副詞,一般,*,*,*,*,予め,アラカジメ,アラカジメ
即ち,,,-1000,接続詞,*,*,*,*,*,即ち,スナワチ,スナワチ
然し,,,-1000,接続詞,*,*,*,*,*,然し,シカシ,シカシ
但し,,,-1000,接続詞,*,*,*,*,*,但し,タダシ,タダシ
若し,,,-1000,副詞,一般,*,*,*,*,若し,モシ,モシ
未だ,,,-1000,副詞,助詞類接続,*,*,*,*,未だ,マダ,マダ
真っ赤,,,-1000,名詞,形容動詞語幹,*,*,*,*,真っ赤,マッカ,マッカ
真っ青,,,-1000,名詞,形容動詞語幹,*,*,*,*,真っ青,マッサオ,マッサオ
真っ白,,,-1000,名詞,形容動詞語幹,*,*,*,*,真っ白,マッシロ,マッシロ
真っ黒,,,-1000,名詞,形容動詞語幹,*,*,*,*,真っ黒,マックロ,マックロ
真っ直ぐ,,,-1000,名詞,形容動詞語幹,*,*,*,*,真っ直ぐ,マッスグ,マッスグ
真っ最中,,,-1000,名詞,一般,*,*,*,*,真っ最中,マッサイチュウ,マッサイチュー
一杯,,,-1000,名詞,副詞可能,*,*,*,*,一杯,イッパイ,イッパイ
一所懸命,,,-1000,名詞,形容動詞語幹,*,*,*,*,一所懸命,イッショケンメイ,イッショケンメイ
一生懸命,,,-1000,名詞,形容動詞語幹,*,*,*,*,一生懸命,イッショウケンメイ,イッショーケンメイ
出来事,,,-1000,名詞,一般,*,*,*,*,出来事,デキゴト,デキゴト
出来上がる,,,-1000,動詞,自立,*,*,五段・ラ行,基本形,出来上がる,デキアガル,デキアガル
仕舞う,,,-1000,動詞,自立,*,*,五段・ワ行促音便,基本形,仕舞う,シマウ,シマウ
仕草,,,-1000,名詞,一般,*,*,*,*,仕草,シグサ,シグサ
土産,,,-1000,名詞,一般,*,*,*,*,土産,ミヤゲ,ミヤゲ
お土産,,,-1000,名詞,一般,*,*,*,*,お土産,オミヤゲ,オミヤゲ
眼鏡,,,-1000,名詞,一般,*,*,*,*,眼鏡,メガネ,メガネ
果物,,,-1000,名詞,一般,*,*,*,*,果物,クダモノ,クダモノ
時計,,,-1000,名詞,一般,*,*,*,*,時計,トケイ,トケー
今朝,,,-1000,名詞,副詞可能,*,*,*,*,今朝,ケサ,ケサ
今晩,,,-1000,名詞,副詞可能,*,*,*,*,今晩,コンバン,コンバン
今夜,,,-1000,名詞,副詞可能,*,*,*,*,今夜,コンヤ,コンヤ
今年,,,-1000,名詞,副詞可能,*,*,*,*,今年,コトシ,コトシ
今月,,,-1000,名詞,副詞可能,*,*,*,*,今月,コンゲツ,コンゲツ
今週,,,-1000,名詞,副詞可能,*,*,*,*,今週,コンシュウ,コンシュー
午前,,,-1000,名詞,副詞可能,*,*,*,*,午前,ゴゼン,ゴゼン
午後,,,-1000,名詞,副詞可能,*,*,*,*,午後,ゴゴ,ゴゴ
昼間,,,-1000,名詞,副詞可能,*,*,*,*,昼間,ヒルマ,ヒルマ
夜中,,,-1000,名詞,副詞可能,*,*,*,*,夜中,ヨナカ,ヨナカ
真夜中,,,-1000,名詞,副詞可能,*,*,*,*,真夜中,マヨナカ,マヨナカ
真昼,,,-1000,名詞,副詞可能,*,*,*,*,真昼,マヒル,マヒル
夕方,,,-1000,名詞,副詞可能,*,*,*,*,夕方,ユウガタ,ユーガタ
朝方,,,-1000,名詞,副詞可能,*,*,*,*,朝方,アサガタ,アサガタ
迷子,,,-1000,名詞,一般,*,*,*,*,迷子,マイゴ,マイゴ
息子,,,-1000,名詞,一般,*,*,*,*,息子,ムスコ,ムスコ
息子さん,,,-1000,名詞,一般,*,*,*,*,息子さん,ムスコサン,ムスコサン
娘さん,,,-1000,名詞,一般,*,*,*,*,娘さん,ムスメサン,ムスメサン
お嬢さん,,,-1000,名詞,一般,*,*,*,*,お嬢さん,オジョウサン,オジョーサン
御嬢さん,,,-1000,名詞,一般,*,*,*,*,御嬢さん,オジョウサン,オジョーサン
従兄,,,-1000,名詞,一般,*,*,*,*,従兄,イトコ,イトコ
従弟,,,-1000,名詞,一般,*,*,*,*,従弟,イトコ,イトコ
従姉,,,-1000,名詞,一般,*,*,*,*,従姉,イトコ,イトコ
従妹,,,-1000,名詞,一般,*,*,*,*,従妹,イトコ,イトコ
従兄弟,,,-1000,名詞,一般,*,*,*,*,従兄弟,イトコ,イトコ
従姉妹,,,-1000,名詞,一般,*,*,*,*,従姉妹,イトコ,イトコ
小父さん,,,-1000,名詞,一般,*,*,*,*,小父さん,オジサン,オジサン
小母さん,,,-1000,名詞,一般,*,*,*,*,小母さん,オバサン,オバサン
お祖父さん,,,-1000,名詞,一般,*,*,*,*,お祖父さん,オジイサン,オジーサン
お祖母さん,,,-1000,名詞,一般,*,*,*,*,お祖母さん,オバアサン,オバーサン
祖父,,,-1000,名詞,一般,*,*,*,*,祖父,ソフ,ソフ
祖母,,,-1000,名詞,一般,*,*,*,*,祖母,ソボ,ソボ
お祖父様,,,-1000,名詞,一般,*,*,*,*,お祖父様,オジイサマ,オジーサマ
眼差し,,,-1000,名詞,一般,*,*,*,*,眼差し,マナザシ,マナザシ
仲良し,,,-1000,名詞,一般,*,*,*,*,仲良し,ナカヨシ,ナカヨシ
お辞儀,,,-1000,名詞,サ変接続,*,*,*,*,お辞儀,オジギ,オジギ
辞儀,,,-1000,名詞,サ変接続,*,*,*,*,辞儀,ジギ,ジギ
気配,,,-1000,名詞,一般,*,*,*,*,気配,ケハイ,ケハイ
浴衣,,,-1000,名詞,一般,*,*,*,*,浴衣,ユカタ,ユカタ
土産話,,,-1000,名詞,一般,*,*,*,*,土産話,ミヤゲバナシ,ミヤゲバナシ
御土産話,,,-1000,名詞,一般,*,*,*,*,御土産話,オミヤゲバナシ,オミヤゲバナシ
御伽噺,,,-1000,名詞,一般,*,*,*,*,御伽噺,オトギバナシ,オトギバナシ
御伽話,,,-1000,名詞,一般,*,*,*,*,御伽話,オトギバナシ,オトギバナシ
お伽噺,,,-1000,名詞,一般,*,*,*,*,お伽噺,オトギバナシ,オトギバナシ
お伽話,,,-1000,名詞,一般,*,*,*,*,お伽話,オトギバナシ,オトギバナシ
河童,,,-1000,名詞,一般,*,*,*,*,河童,カッパ,カッパ
寿司,,,-1000,名詞,一般,*,*,*,*,寿司,スシ,スシ
お寿司,,,-1000,名詞,一般,*,*,*,*,お寿司,オスシ,オスシ
天婦羅,,,-1000,名詞,一般,*,*,*,*,天婦羅,テンプラ,テンプラ
天麩羅,,,-1000,名詞,一般,*,*,*,*,天麩羅,テンプラ,テンプラ
刺身,,,-1000,名詞,一般,*,*,*,*,刺身,サシミ,サシミ
お刺身,,,-1000,名詞,一般,*,*,*,*,お刺身,オサシミ,オサシミ
鮨,,,-1000,名詞,一般,*,*,*,*,鮨,スシ,スシ
心地,,,-1000,名詞,一般,*,*,*,*,心地,ココチ,ココチ
気持ち,,,-1000,名詞,一般,*,*,*,*,気持ち,キモチ,キモチ
気持,,,-1000,名詞,一般,*,*,*,*,気持,キモチ,キモチ
心臓,,,-1000,名詞,一般,*,*,*,*,心臓,シンゾウ,シンゾー
